<?xml version="1.0" encoding="UTF-8"?>
<!DOCTYPE configuration PUBLIC "-//mybatis.org//DTD Config 3.0//EN" "http://mybatis.org/dtd/mybatis-3-config.dtd">
 <configuration>
 	<settings>
 		<setting name = "jdbcTypeForNull" value="NULL"/>
 	</settings>
 <typeAliases>
	<package name="tp.vo"/>
 </typeAliases>
	<environments default="dev">
		<environment id="dev">
			<transactionManager type="JDBC" />
			<dataSource type="POOLED">
				<property name="driver" value="oracle.jdbc.driver.OracleDriver" />
				<property name="url" value="jdbc:oracle:thin:@127.0.0.1:1521:XE" />
				<property name="username" value="chloe" />
				<property name="password" value="90385" />
				<property name="poolMaximumActiveConnections" value="100"/>
			</dataSource>
		</environment>
	</environments>
	<mappers>
		<mapper resource="tp/config/mapper/restaurantMapper.xml"/>
		<mapper resource="tp/config/mapper/memberMapper.xml"/>
		<mapper resource="tp/config/mapper/reviewMapper.xml"/>
		<mapper resource="tp/config/mapper/restaurantImageMapper.xml"/>
 	</mappers>
 </configuration>